
CREATE TABLE `PROFIL`(
	`IDPROFIL` INT AUTO_INCREMENT PRIMARY KEY,
	`NOMPROFIL` VARCHAR(150)
)engine = innoDb;
CREATE TABLE `ROLES`(
	`IDROLE` INT AUTO_INCREMENT PRIMARY KEY,
	`IDPROFIL` INT,
	`TABLENAME` VARCHAR(50),
	`ROLENAME` VARCHAR(50),
	`ROLESTATE` INT,
	FOREIGN KEY(`IDPROFIL`) REFERENCES `PROFIL`(`IDPROFIL`)
)engine = innoDb;

CREATE TABLE `EMPLOYE`(
	`IDEMPLOYE` INT AUTO_INCREMENT PRIMARY KEY,
	`LOGIN` VARCHAR(50),
	`MOTDEPASSE` VARCHAR(250),
	`NOMPRENOM` VARCHAR(90),
	`IDPROFIL` INT,
	FOREIGN KEY(`IDPROFIL`) REFERENCES `PROFIL`(`IDPROFIL`)
)engine = innoDb;
CREATE TABLE `CATEGORIE`(
	`IDCATEGORIE` INT AUTO_INCREMENT PRIMARY KEY,
	`NOMCATEGORIE` VARCHAR(50)
)engine = innoDb;
CREATE TABLE `PLATS`(
	`IDPLAT` INT AUTO_INCREMENT PRIMARY KEY,
	`NOMPLAT` VARCHAR(50),
	`PRIX` DECIMAL(15,3),
	`IMAGE` VARCHAR(50),
	`IDCATEGORIE` INT,
	`JOUR` VARCHAR(50),
	FOREIGN KEY(`IDCATEGORIE`) REFERENCES `CATEGORIE`(`IDCATEGORIE`)
)engine = innoDb;
CREATE TABLE `TABLERESTO`(
	`IDTABLES` INT AUTO_INCREMENT PRIMARY KEY,
	`NOMBREPERSONNES` INT,
	`DISPONIBILITE` INT
)engine = innoDb;
CREATE TABLE `COMMANDES`(
    `IDCOMMANDE` INT AUTO_INCREMENT PRIMARY KEY,
    `IDEMPLOYE` INT,
    `IDTABLES` INT,
    `IDPLAT` INT,
    `QTE` INT,
    `DATECOMMANDE` DATE,
    FOREIGN KEY(`IDEMPLOYE`) REFERENCES `EMPLOYE(`IDEMPLOYE`),
    FOREIGN KEY(`IDTABLES`) REFERENCES `TABLERESTO(`IDTABLES`),
    FOREIGN KEY(`IDPLAT`) REFERENCES `PLATS`(`IDPLAT`)
)engine = innoDb;
CREATE TABLE `FACTURE`(
	`IDFACTURE` INT AUTO_INCREMENT PRIMARY KEY,
	`IDEMPLOYE` INT,
	`IDCOMMANDE` INT,
	`IDTABLES` INT, 
	`TOTALAPAYER`	DECIMAL(15,2)
)engine = innoDb;

INSERT INTO PROFIL (IDPROFIL,NOMPROFIL) VALUES(1,'SERVEUR');
INSERT INTO PROFIL (IDPROFIL,NOMPROFIL) VALUES(2,'RESTAURATEUR');

INSERT INTO ROLES (IDROLE, IDPROFIL, TABLENAME, ROLENAME, ROLESTATE) VALUES (1, 1, 'COMMANDES', 'CREATE', 1);
INSERT INTO ROLES (IDROLE, IDPROFIL, TABLENAME, ROLENAME, ROLESTATE) VALUES (2, 1, 'COMMANDES', 'READ', 1);
INSERT INTO ROLES (IDROLE, IDPROFIL, TABLENAME, ROLENAME, ROLESTATE) VALUES (3, 2, 'COMMANDES', 'CREATE', 1);
INSERT INTO ROLES (IDROLE, IDPROFIL, TABLENAME, ROLENAME, ROLESTATE) VALUES (4, 2, 'COMMANDES', 'READ', 1);

INSERT INTO ROLES (IDROLE, IDPROFIL, TABLENAME, ROLENAME, ROLESTATE) VALUES (5, 2, 'PLATS', 'CREATE', 1);
INSERT INTO ROLES (IDROLE, IDPROFIL, TABLENAME, ROLENAME, ROLESTATE) VALUES (6, 2, 'PLATS', 'READ', 1);
INSERT INTO ROLES (IDROLE, IDPROFIL, TABLENAME, ROLENAME, ROLESTATE) VALUES (7, 2, 'PLATS', 'UPDATE', 1);
INSERT INTO ROLES (IDROLE, IDPROFIL, TABLENAME, ROLENAME, ROLESTATE) VALUES (8, 1, 'PLATS', 'READ', 1);

INSERT INTO EMPLOYE  VALUES (1, 'Serveur1', SHA1('Ser1'), 'Felana', 1);
INSERT INTO EMPLOYE  VALUES (2, 'Serveur2', SHA1('Ser2'), 'Tovo', 1);
INSERT INTO EMPLOYE  VALUES (3, 'Admin1', SHA1('Aina'), 'Aina', 2);
INSERT INTO EMPLOYE  VALUES (4, 'Admin2', SHA1('Aina'), 'Fy', 2);

INSERT INTO CATEGORIE VALUES (1, 'Entrée');
INSERT INTO CATEGORIE VALUES (2, 'Résistance');
INSERT INTO CATEGORIE VALUES (3, 'Dessert');

INSERT INTO PLATS (IDPLAT, NOMPLAT, PRIX, IMAGE, IDCATEGORIE, JOUR) VALUES (1, 'Salade de charcuterie', 5000, '', 1, '1,2,3');
INSERT INTO PLATS (IDPLAT, NOMPLAT, PRIX, IMAGE, IDCATEGORIE, JOUR) VALUES (2, 'Gratin de pâtes', 7000, '', 1,'4,5');
INSERT INTO PLATS (IDPLAT, NOMPLAT, PRIX, IMAGE, IDCATEGORIE, JOUR) VALUES (3, 'Salade américaine', 4500, '', 1, '2,3,6');
INSERT INTO PLATS (IDPLAT, NOMPLAT, PRIX, IMAGE, IDCATEGORIE, JOUR) VALUES (4, 'Salade saisonnière', 6000, '', 1, '5,7');

INSERT INTO PLATS (IDPLAT, NOMPLAT, PRIX, IMAGE, IDCATEGORIE, JOUR) VALUES (5, 'Ravitoto sy hena-kisoa', 6000, '', 2, '1,3,7');
INSERT INTO PLATS (IDPLAT, NOMPLAT, PRIX, IMAGE, IDCATEGORIE, JOUR) VALUES (6, 'Romazava', 5500, '', 2, '4,5');
INSERT INTO PLATS (IDPLAT, NOMPLAT, PRIX, IMAGE, IDCATEGORIE, JOUR) VALUES (7, 'Poulet pané', 6500, '', 2, '1,5,6');
INSERT INTO PLATS (IDPLAT, NOMPLAT, PRIX, IMAGE, IDCATEGORIE, JOUR) VALUES (8, 'Poisson farci', 12000, '', 2, '1,7');
INSERT INTO PLATS (IDPLAT, NOMPLAT, PRIX, IMAGE, IDCATEGORIE, JOUR) VALUES (9, 'Canard laqué', 15000, '', 2, '6,7');

INSERT INTO PLATS (IDPLAT, NOMPLAT, PRIX, IMAGE, IDCATEGORIE, JOUR) VALUES (10, 'Muffin au chocolat', 1050, '', 3, '7');
INSERT INTO PLATS (IDPLAT, NOMPLAT, PRIX, IMAGE, IDCATEGORIE, JOUR) VALUES (11, 'Koba katsaka', 2000, '', 3, '1,2,3,4,5');
INSERT INTO PLATS (IDPLAT, NOMPLAT, PRIX, IMAGE, IDCATEGORIE, JOUR) VALUES (12, 'Assortiments de fruits de saison', 3000, '', 3, '6,7');
INSERT INTO PLATS (IDPLAT, NOMPLAT, PRIX, IMAGE, IDCATEGORIE, JOUR) VALUES (13, 'Crêpes au chocolat', 1000, '', 2, '3,5,7');

INSERT INTO TABLERESTO  VALUES (1, 4, 1);
INSERT INTO TABLERESTO  VALUES (2, 6, 1);
INSERT INTO TABLERESTO  VALUES (3, 8, 1);
INSERT INTO TABLERESTO  VALUES (4, 10, 1);

INSERT INTO COMMANDES (IDEMPLOYE,  IDTABLES, IDPLAT, QTE, DATECOMMANDE) VALUES (1, 1, 1,)